Description_1_Word,Description_1_Frequency,Description_2_Word,Description_2_Frequency,Description_3_Word,Description_3_Frequency,Description_4_Word,Description_4_Frequency,Description_5_Word,Description_5_Frequency,Description_6_Word,Description_6_Frequency,Overall_Word,Overall_Frequency
white,90,sky,63,woman,72,eagle,87,head,64,bird,104,bird,196
head,73,tree,53,leave,43,white,45,face,54,owl,86,head,195
dress,68,building,37,face,40,painting,30,object,27,flower,50,white,167
woman,66,city,36,cover,34,colour,28,image,26,nest,41,woman,143
black,64,cloud,32,hair,33,bird,25,human,23,sit,28,image,121
bird,59,green,27,head,29,background,21,like,20,small,21,face,115
wear,51,image,25,branch,28,feather,21,eye,19,tree,21,like,101
crow,33,blue,21,flower,24,abstract,20,look,17,background,19,eagle,99
lady,33,like,19,lady,23,paint,19,come,16,like,18,black,95
hat,27,float,19,plant,19,image,19,painting,13,image,17,background,94
shoulder,24,look,18,eye,18,color,18,thing,11,look,15,look,94
background,23,futuristic,17,image,16,yellow,16,paint,10,mountain,15,owl,91
blue,23,castle,16,white,14,orange,16,surround,10,head,15,tree,85
like,21,high,14,black,14,black,15,person,10,sky,13,sky,83
look,20,white,11,look,13,head,14,child,10,depict,12,painting,76
young,18,build,11,twig,12,like,13,depict,10,show,10,flower,76
eye,18,island,10,background,12,mix,12,dark,10,colour,10,eye,70
image,18,fantasy,10,painting,12,style,11,colour,9,beautiful,10,dress,68
close,16,structure,10,dark,11,look,11,background,9,cloud,9,colour,68
large,13,background,10,tree,11,red,10,picture,9,creature,9,blue,62
hair,12,surround,9,red,11,different,9,show,9,leave,9,wear,57
stand,12,tower,9,colour,10,artistic,9,scary,8,perch,9,lady,56
raven,11,bright,9,like,10,show,9,strange,8,pink,8,leave,53
beautiful,11,beautiful,9,young,9,blue,8,skin,7,grey,8,hair,50
wing,10,house,9,portrait,9,art,8,sad,7,painting,8,style,49
picture,10,style,9,grow,9,eye,8,appear,7,float,7,cover,49
painting,10,large,8,lip,9,wing,7,different,6,style,7,depict,46
eagle,9,pillar,8,style,9,face,7,art,6,surround,7,show,46
light,8,air,8,beautiful,8,prey,6,ball,6,face,7,picture,44
brown,7,forest,7,picture,7,stroke,6,hole,6,feather,7,beautiful,44
style,7,depict,7,girl,7,swirl,6,abstract,6,fantasy,7,cloud,43
colour,7,greenery,7,show,7,depict,6,style,6,eye,7,nest,42
face,7,picture,7,art,7,bald,6,young,6,large,6,green,39
depict,6,bird,7,color,6,appear,5,horror,5,picture,6,building,38
spread,5,palace,6,wear,5,brush,5,dripping,5,surreal,5,city,36
dark,5,lush,6,green,5,beautiful,5,hair,5,natural,5,dark,35
fly,5,hang,6,artistic,5,picture,5,blue,5,body,5,surround,35
girl,5,suspend,6,pale,5,oil,5,grey,5,figure,5,paint,34
contrast,5,tall,6,surreal,5,warm,5,lot,5,viewer,5,young,34
artistic,5,mountain,6,nature,5,portrait,5,shape,5,yellow,5,sit,34
grey,5,lot,6,neck,5,colourful,5,baby,5,big,5,crow,33
realistic,5,show,6,depict,5,owl,5,woman,5,artistic,4,feather,33
soft,5,cover,6,blend,5,dark,4,disturbing,4,cartoon,4,color,33
sit,5,fly,6,mouth,5,surround,4,closed,4,cover,4,abstract,32
show,5,fi,5,obscure,5,brushstroke,4,green,4,brown,4,branch,31
flight,4,nature,5,surround,5,vibrant,4,brain,4,blue,4,hat,30
sky,4,vegetation,5,half,4,beak,4,fall,4,white,4,float,30
female,4,sci,4,female,4,fire,4,grow,4,abstract,4,shoulder,29
sideways,4,vine,4,different,4,form,3,creepy,4,feature,4,large,28
oil,4,set,4,foliage,4,centre,3,growth,4,form,4,art,28
big,4,colour,4,leafs,4,golden,3,unsettling,4,dark,4,object,28
paint,3,world,4,shoulder,4,blend,3,dead,4,create,4,artistic,26
ruffle,3,appear,4,butterfly,4,mainly,3,portrait,4,nature,4,small,24
blonde,3,perch,4,open,4,movement,3,surreal,4,element,4,human,24
feather,3,art,4,stick,4,manner,3,man,4,landscape,4,yellow,23
blond,3,clear,4,hide,3,bold,3,protrude,4,portrait,3,close,22
cover,3,color,4,autumn,3,drawing,3,eyeball,3,pastel,3,appear,22
mix,3,brown,3,tangle,3,vivid,3,white,3,dreamy,3,portrait,22
left,3,plant,3,brown,3,catch,3,drip,3,castle,3,plant,22
photo,3,jungle,3,vine,3,combination,3,orb,3,corner,3,different,22
painterly,3,magical,3,skin,3,chaotic,3,unknown,3,illustration,3,mountain,21
model,3,view,3,create,3,american,2,tell,3,eagle,3,red,21
carry,3,kind,3,appear,3,round,2,close,3,sort,3,brown,20
long,3,mid,3,fall,3,splash,2,float,3,draw,3,grey,19
position,2,place,3,partially,3,coloured,2,sever,3,scene,3,mix,19
photographic,2,painting,3,wrap,3,bright,2,open,3,different,3,castle,19
slight,2,vibrant,3,stem,3,earth,2,stick,3,baby,3,come,19
coloured,2,painterly,3,body,3,blur,2,bald,3,little,3,wing,18
frilly,2,feel,3,composition,3,night,2,organic,3,animal,2,surreal,18
realism,2,big,3,intricate,3,sky,2,organ,3,ball,2,fantasy,18
elegant,2,film,2,natural,3,long,2,multiple,3,set,2,futuristic,18
pose,2,form,2,thought,3,mixed,2,feature,3,hill,2,high,16
viewer,2,foliage,2,autumnal,2,colorful,2,form,2,spring,2,nature,16
arm,2,sunny,2,disturbing,2,subject,2,item,2,air,2,orange,16
profile,2,day,2,mix,2,hat,2,pastel,2,come,2,stand,15
mid,2,ancient,2,entwine,2,real,2,looking,2,mother,2,perch,15
mixed,2,platform,2,drawing,2,clearly,2,weird,2,hide,2,lot,15
green,2,town,2,bush,2,brown,2,pink,2,left,2,big,14
open,2,ground,2,lipstick,2,tone,2,alien,2,lot,2,create,14
represent,2,balanced,2,cloudy,2,resemble,2,scene,2,creepy,2,person,14
manner,2,branch,2,bit,2,heavy,2,sharp,2,help,2,twig,14
create,2,village,2,womans,2,contrast,2,robot,2,mind,2,fly,13
flower,2,see,2,abstract,2,feature,2,circular,2,true,2,light,13
skin,2,top,2,type,2,gaze,2,cry,2,sense,2,bright,13
person,2,realistic,2,long,2,create,2,place,2,part,2,structure,13
corvus,2,sun,2,thorn,2,close,2,create,2,hand,2,grow,13
camera,2,skyscraper,2,entangle,2,render,2,greenish,2,centre,2,girl,12
slightly,2,column,2,weed,2,striking,2,figure,2,appear,2,natural,12
yellow,2,kingdom,2,illustration,2,big,2,unusual,2,fill,2,skin,12
lip,2,water,2,nose,2,sharp,2,attach,2,soft,2,build,12
hear,2,cloudy,2,left,2,hue,2,torment,2,color,2,thing,12
calm,2,space,2,draw,2,pic,2,structure,2,child,2,pink,12
standing,2,area,2,fill,2,speed,2,emerge,2,colorful,2,child,12
surreal,2,flock,2,feather,2,pain,1,gothic,2,ontop,2,air,11
effect,2,colorful,2,similar,2,mixture,1,pale,2,mountainous,2,raven,11
serene,2,represent,2,pink,2,indigenous,1,adorn,2,area,2,blend,11
perch,2,situate,2,nice,2,north,1,tendril,2,ai,2,oil,11
hawk,2,small,2,watercolour,2,culture,1,blood,2,generate,2,lip,11
view,1,breathtaking,2,digital,2,popular,1,digital,2,art,2,island,11
tie,1,blend,2,portray,2,poster,1,color,2,fantastical,2,form,11
tall,1,sunlight,2,ethereal,2,curl,1,zombie,2,organic,2,open,10
softly,1,element,2,wild,2,globe,1,cover,2,rock,2,feature,10
mistake,1,warm,2,crown,2,possibly,1,part,2,black,2,body,10
version,1,artistic,2,pic,2,earty,1,neck,2,seat,2,creature,10
surrealism,1,mix,2,intertwine,2,ocher,1,subject,2,light,2,female,9
strike,1,theme,1,balanced,2,anrgy,1,thought,2,compose,2,contrast,9
air,1,oom,1,close,1,graffiti,1,haunt,2,stand,2,sad,9
menace,1,hand,1,dead,1,situate,1,artwork,2,predator,2,realistic,9
rook,1,comfortable,1,strike,1,multicoloure,1,element,2,power,2,left,9
type,1,depiction,1,slightly,1,surreal,1,wound,2,owlet,1,set,9
actually,1,grace,1,painful,1,modern,1,round,2,ambivalent,1,stick,9
floral,1,2970s,1,distress,1,rough,1,pierce,2,contrast,1,neck,9
land,1,rick,1,branches,1,whirl,1,peel,1,naturalistic,1,tower,9
plain,1,album,1,hat,1,circular,1,stretch,1,representative,1,house,9
outside,1,base,1,fascinator,1,super,1,range,1,troubling,1,element,9
portraiture,1,playful,1,combine,1,impose,1,associate,1,balance,1,strange,9
slim,1,sandstone,1,autum,1,blurred,1,imagine,1,contain,1,bald,9
outspread,1,elden,1,leafe,1,backdrop,1,real,1,misty,1,viewer,8
marbled,1,ring,1,come,1,clear,1,allegorical,1,th,1,place,8
avant,1,ontop,1,floral,1,move,1,unconnected,1,modern,1,soft,8
garde,1,scape,1,design,1,use,1,random,1,tim,1,painterly,8
shoulderless,1,utopia,1,contemporary,1,flight,1,trap,1,burton,1,digital,8
flowery,1,surreal,1,bramble,1,float,1,product,1,meet,1,pillar,8
stretch,1,si,1,contain,1,focusse,1,mutant,1,pixar,1,forest,8
giant,1,colourful,1,fruit,1,determine,1,pain,1,magical,1,hang,8
aesthetic,1,middle,1,coloured,1,central,1,model,1,pale,1,colourful,8
give,1,reflecting,1,blue,1,flow,1,futuristic,1,autumnal,1,warm,8
natural,1,lake,1,portraiture,1,frantic,1,imaginary,1,stone,1,pale,8
misterious,1,valley,1,marbled,1,wrap,1,scientific,1,possibly,1,scary,8
wall,1,reign,1,unreal,1,sphere,1,experiment,1,item,1,ball,8
way,1,probably,1,take,1,body,1,dehumanise,1,building,1,baby,8
suggest,1,hide,1,die,1,harsh,1,attached,1,far,1,tall,7
stark,1,utopian,1,hate,1,arise,1,lump,1,island,1,draw,7
positioning,1,future,1,go,1,ashe,1,differ,1,bit,1,long,7
clumsy,1,detail,1,detail,1,phoenix,1,shell,1,dreary,1,thought,7
blend,1,sharp,1,mixed,1,lodge,1,blob,1,way,1,composition,7
atop,1,line,1,representational,1,street,1,future,1,depiction,1,vine,7
demure,1,impressionistic,1,lot,1,cre,1,meld,1,realistic,1,suspend,7
blackness,1,create,1,ramification,1,modernist,1,centre,1,paint,1,hide,7
particularly,1,disparity,1,anime,1,outline,1,hard,1,sholder,1,greenery,7
striking,1,ai,1,double,1,kind,1,streak,1,suspendend,1,vibrant,7
attractive,1,generate,1,exposure,1,lot,1,dot,1,end,1,fill,7
shape,1,utilise,1,ivy,1,mark,1,memory,1,world,1,feel,7
round,1,forest/,1,match,1,open,1,mannequin,1,atop,1,centre,7
sad,1,ruin,1,idea,1,consist,1,dystopian,1,unnatural,1,fall,7
photoshoot,1,clearly,1,cohesion,1,draw,1,nightmare,1,disproportionately,1,mouth,7
shite,1,cartoon,1,rise,1,stylize,1,disembodied,1,sixe,1,prey,7
blur,1,fluffy,1,screen,1,fragmented,1,pull,1,beard,1,stroke,7
rest,1,daylight,1,unnaturally,1,multi,1,incongruous,1,leafs,1,figure,7
infant,1,support,1,overlaid,1,have,1,idea,1,blended,1,shape,6
smoke,1,tress,1,reddish,1,detailed,1,feeling,1,young,1,bold,6
hand,1,light,1,nicely,1,mute,1,emotion,1,see,1,manner,6
screen,1,shine,1,redness,1,orangey,1,confused,1,cloudy,1,cloudy,6
bit,1,right,1,catch,1,anstract,1,reflect,1,dream,1,clear,6
gold,1,left,1,heavily,1,pallette,1,darkness,1,sparse,1,palace,6
take,1,avatar,1,sky,1,eather,1,overall,1,forebode,1,lush,6
wrone,1,te,1,see,1,primary,1,entwine,1,drawing,1,foliage,6
blackbird,1,formation,1,profile,1,coulorful,1,cobwebs,1,purple,1,balanced,6
frill,1,flatten,1,fine,1,pointed,1,miniature,1,photo,1,vegetation,6
bluey,1,go,1,arond,1,similar,1,skull,1,structure,1,colorful,6
place,1,tourist,1,smokey,1,design,1,insect,1,remove,1,wrap,6
studio,1,modern,1,decompose,1,relax,1,slightly,1,ability,1,disturbing,6
elegance,1,frame,1,log,1,fur,1,distressed,1,horizon,1,drawing,6
personify,1,fictitious,1,headshot,1,somewhat,1,fantasy,1,feeling,1,illustration,6
bold,1,calm,1,hand,1,predominate,1,illustration,1,curiosity,1,obscure,6
personalty,1,cruel,1,tweak,1,3,1,break,1,limit,1,swirl,6
pretty,1,man,1,overgrow,1,underneath,1,apart,1,thought,1,pastel,6
complexion,1,thing,1,blind,1,shade,1,device,1,instead,1,hole,6
live,1,sort,1,combination,1,feel,1,lifeless,1,analyse,1,creepy,6
set,1,fill,1,gloomy,1,hawk,1,crush,1,place,1,view,5
stylish,1,cyberpunk,1,sakura,1,natural,1,fight,1,fog,1,flight,5
ethereal,1,reflect,1,colourful,1,digitize,1,anymore,1,void,1,spread,5
blended,1,fantastical,1,texture,1,rendering,1,lack,1,imagination,1,coloured,5
palette,1,gravity,1,work,1,smear,1,struggle,1,combine,1,round,5
dreamlike,1,defy,1,have,1,digital,1,help,1,idea,1,mid,5
tranquil,1,cityscape,1,bird,1,paintstroke,1,double,1,fly,1,mixed,5
atmosphere,1,nestle,1,nest,1,left,1,crushed,1,separate,1,hand,5
8n,1,amidst,1,watercolor,1,mouth.yellow,1,ramification,1,right,1,closed,5
ground,1,verdant,1,ey,1,visible,1,appendage,1,sowa,1,effect,5
teal,1,environment,1,growth,1,exact,1,bad,1,z,1,ai,5
lovey,1,render,1,beneath,1,nature,1,nature,1,drugim,1,generate,5
similar,1,detailed,1,sight,1,obscure,1,idol,1,ptakiem,1,fi,5
shirt,1,reminiscent,1,coulorfull,1,palette,1,frightening,1,za,1,world,5
pigeon,1,concept,1,view,1,harmonious,1,protuberance,1,nim,1,sharp,5
pattern,1,three,1,vegetation,1,muted,1,artificial,1,na,1,cartoon,5
eagel,1,brownish,1,mute,1,soft,1,cyborg,1,gałęzi,1,man,5
delicate,1,snow,1,frida,1,pastel,1,characteristic,1,w,1,area,5
expression,1,consist,1,kahlo,1,deep,1,egg,1,dali,1,dreamy,5
try,1,height,1,withe,1,emphasize,1,sickness,1,widac,1,multiple,5
time,1,treehouse,1,blush,1,fragility,1,mould,1,chmury,1,landscape,5
draw,1,brick,1,cheek,1,wildness,1,unrecognizable,1,góry,1,dead,5
term,1,trunk,1,dominate,1,composition,1,gloomy,1,decorate,1,half,5
animal,1,stone,1,feel,1,angry,1,fill,1,type,1,leafs,5
vivid,1,medieval,1,unnerving,1,infuse,1,extremely,1,say,1,catch,5
s,1,effect,1,fairly,1,catchy,1,artistic,1,somewhat,1,growth,5
brunette,1,mansion,1,plain,1,hide,1,shoulder,1,ride,1,part,5
hover,1,senerio,1,focus,1,message,1,manner,1,bed,1,adorn,5
artist,1,love,1,result,1,intense,1,bulbous,1,composite,1,brush,5
resemble,1,plinth,1,find,1,dynamic,1,muted,1,feathery,1,beak,5
center,1,cartoonish,1,act,1,texture,1,interesting,1,texture,1,horror,5
wash,1,remind,1,focal,1,sense,1,beautiful,1,merge,1,dripping,5
digital,1,studio,1,point,1,opne,1,kid,1,dreamlike,1,scene,5
art,1,ghibli,1,vary,1,object,1,monotone,1,distant,1,organic,5
feature,1,isolated,1,wash,1,fill,1,piece,1,fat,1,type,4
cold,1,amountain,1,sorrounde,1,multiple,1,anatomy,1,babysitte,1,realism,4
classically,1,gold,1,little,1,power,1,area,1,gidital,1,ruffle,4
caucasian,1,edge,1,tendril,1,motivate,1,female,1,watercolour,1,sideways,4
angle,1,cliff,1,element,1,person,1,integrate,1,finch,1,striking,4
outstretche,1,glinde,1,reflect,1,escape,1,furutristic,1,stylize,1,bit,4
mottled,1,predominance,1,haired,1,fiery,1,elemnt,1,flora,1,photo,4
central,1,people,1,superimpose,1,flame,1,augment,1,ground,1,represent,4
focus,1,hold,1,partly,1,emerge,1,render,1,desert,1,model,4
appear,1,setting,1,human,1,watercolor,1,painterly,1,build,1,carry,4
somewhat,1,dense,1,fig,1,half,1,damaged,1,wrap,1,ground,4
androgynous,1,believable,1,drown,1,amidst,1,pinkish,1,person,1,similar,4
rounded,1,appropriate,1,gallery,1,ccolor,1,scull,1,bloom,1,vivid,4
chin,1,add,1,paris,1,expressive,1,hang,1,sweet,1,slightly,4
assume,1,realism,1,smoky,1,dramatic,1,unidentifiable,1,feel,1,focus,4
colored,1,mean,1,place,1,water,1,troubled,1,setting,1,tone,4
portrait,1,clolour,1,part,1,merge,1,body,1,emphasise,1,modern,4
fair,1,digitize,1,paint,1,wear,1,childlike,1,dull,1,sci,4
haired,1,mirror,1,twine,1,large,1,mangle,1,bright,1,magical,4
expose,1,digital,1,drop,1,wall,1,flesh,1,catch,1,detail,4
cloudy,1,contrast,1,troubled,1,gold,1,remind,1,sparrow,1,see,4
cloud,1,huge,1,outdoor,1,powerful,1,science,1,good,1,kind,4
standinde,1,atop,1,setting,1,strong,1,fiction,1,digital,1,sort,4
closed,1,beach,1,infuse,1,capture,1,grayish,1,consist,1,render,4
fragment,1,radiate,1,dreamy,1,great,1,tone,1,flat,1,golden,4
headpiece,1,centre,1,painterly,1,detail,1,stalk,1,tan,1,butterfly,4
looks,1,leave,1,aesthetic,1,set,1,drab,1,inside,1,combination,4
lie,1,main,1,warm,1,portray,1,run,1,stylised,1,have,4
cool,1,past,1,realistic,1,adorn,1,add,1,hollowed,1,little,4
thought,1,seamlessly,1,photography,1,main,1,feel,1,pinecone,1,portray,4
craw,1,highveld,1,delicate,1,neck,1,sinister,1,adorn,1,pic,4
make,1,grad,1,visible,1,right,1,ai,1,snail,1,brushstroke,4
sweeet,1,1900s,1,adorn,1,spatter,1,generate,1,twig,1,subject,4
attire,1,reflective,1,stylize,1,drip,1,scattered,1,rocky,1,fire,4
majestically,1,futurisitc,1,traditional,1,thite,1,stroke,1,cliff,1,emerge,4
ready,1,giant,1,angle,1,spin,1,sorrowful,1,colourful,1,drip,4
seamlessly,1,include,1,pull,1,alert,1,sword,1,have,1,brain,4
integrate,1,nice,1,bun,1,menacing,1,knife,1,present,1,unsettling,4
headdress,1,golden,1,carnival,1,symbolic,1,eyebrow,1,simple,1,protrude,4
wide,1,present,1,theatrical,1,canvas,1,eyelash,1,complex,1,position,3
hold,1,shin,1,mask,1,curved,1,instead,1,assemblage,1,pose,3
small,1,metropolis,1,period,1,mouth,1,infest,1,inorganic,1,blonde,3
twig,1,buliding,1,neutral,1,ugly,1,sticky,1,carry,1,atop,3
color,1,s,1,root,1,defend,1,insidious,1,portray,1,blond,3
heady,1,car,1,plantation,1,alertness,1,deformed,1,message,1,profile,3
morden,1,scenery,1,aa,1,fly,1,frontal,1,serenity,1,blur,3
classic,1,vintage,1,strange,1,high,1,specifically,1,2,1,gold,3
great,1,clean,1,brownish,1,ready,1,outside,1,hang,1,ethereal,3
eith,1,showcase,1,light,1,ruffle,1,oil,1,fierce,1,dreamlike,3
add,1,architecture,1,naturalness,1,scatter,1,story,1,wild,1,animal,3
interesting,1,foreground,1,thin,1,darkness,1,have,1,second,1,resemble,3
unusual,1,fantastic,1,grey,1,light,1,mechanical,1,t.he,1,central,3
touch,1,fancy,1,cloud,1,,0,spike,1,high,1,somewhat,3
potray,1,imaginary,1,flora,1,,0,mute,1,eliminate,1,colored,3
maybe,1,sit,1,artwork,1,,0,focus,1,friendship,1,calm,3
gradient,1,bushy,1,oil,1,,0,unpleasant,1,exist,1,add,3
cap,1,wrap,1,animate,1,,0,heard,1,act,1,unusual,3
poetic,1,overlook,1,climber,1,,0,mans,1,dewy,1,shade,3
predominance,1,animate,1,reach,1,,0,nerve,1,sad,1,hawk,3
shade,1,dreamy,1,flow,1,,0,organism,1,colored,1,beneath,3
bright,1,beneath,1,gently,1,,0,symbolize,1,liitlle,1,ontop,3
cloth,1,dark,1,highlight,1,,0,go,1,baskt,1,jungle,3
overhead,1,strong,1,fair,1,,0,detailed,1,bouquet,1,village,3
cream,1,multi,1,chin,1,,0,natural,1,imaginative,1,clearly,3
sleeve,1,story,1,rubby,1,,0,colored,1,striking,1,right,3
tone,1,position,1,rule,1,,0,disfigure,1,central,1,go,3
ai,1,combine,1,third,1,,0,suppose,1,focus,1,reflect,3
generate,1,maybe,1,pose,1,,0,distort,1,expressive,1,water,3
stick,1,video,1,,0,,0,fragmented,1,beak,1,fantastical,3
beneath,1,game,1,,0,,0,mouth,1,emerge,1,detailed,3
neck,1,civilty,1,,0,,0,dreamlike,1,arrangement,1,consist,3
straight,1,live,1,,0,,0,eerie,1,forest,1,setting,3
ahead,1,stand,1,,0,,0,composition,1,fluffed,1,situate,3
alert,1,artificial,1,,0,,0,challenge,1,flowery,1,nice,3
good,1,natural,1,,0,,0,viewer,1,branch,1,combine,3
balance,1,multiple,1,,0,,0,perception,1,bold,1,visible,3
composition,1,connect,1,,0,,0,village,1,offspring,1,autumnal,3
incorporate,1,rise,1,,0,,0,explosion,1,wing,1,autumn,3
rule,1,visible,1,,0,,0,cold,1,intricately,1,tangle,3
third,1,amazing,1,,0,,0,boy,1,bead,1,entwine,3
clear,1,landscape,1,,0,,0,graphic,1,stunning,1,idea,3
scheme,1,otherworldly,1,,0,,0,detail,1,textured,1,thorn,3
choose,1,foundation,1,,0,,0,spocky,1,effect,1,partially,3
highlighting,1,stylized,1,,0,,0,burst,1,composition,1,stem,3
crude,1,wonderland,1,,0,,0,blow,1,mystical,1,texture,3
modern,1,morning,1,,0,,0,steampunk,1,appearance,1,mute,3
,0,midday,1,,0,,0,theme,1,realism,1,watercolour,3
,0,brighten,1,,0,,0,doll,1,motion,1,tendril,3
,0,concrete,1,,0,,0,wide,1,probably,1,intricate,3
,0,classical,1,,0,,0,exaggerated,1,delicacy,1,wild,3
,0,,0,,0,,0,facial,1,give,1,stylize,3
,0,,0,,0,,0,popping,1,shade,1,intertwine,3
,0,,0,,0,,0,cluster,1,nesting,1,artwork,3
,0,,0,,0,,0,six,1,scarecrow,1,circular,3
,0,,0,,0,,0,intertwine,1,od,1,mainly,3
,0,,0,,0,,0,suspend,1,green,1,movement,3
,0,,0,,0,,0,decadency,1,stick,1,real,3
,0,,0,,0,,0,vertically,1,acorn,1,sense,3
,0,,0,,0,,0,haunting,1,hybrid,1,power,3
,0,,0,,0,,0,distorted,1,majestic,1,chaotic,3
,0,,0,,0,,0,bulge,1,prey,1,eyeball,3
,0,,0,,0,,0,outward,1,camouflage,1,item,3
,0,,0,,0,,0,set,1,shift,1,orb,3
,0,,0,,0,,0,brown,1,peace,1,unknown,3
,0,,0,,0,,0,cream,1,center,1,tell,3
,0,,0,,0,,0,demonic,1,balanced,1,sever,3
,0,,0,,0,,0,snail,1,atmosphere,1,help,3
,0,,0,,0,,0,thorn,1,,0,organ,3
,0,,0,,0,,0,swollen,1,,0,compose,3
,0,,0,,0,,0,juice,1,,0,corner,3
,0,,0,,0,,0,creature,1,,0,photographic,2
,0,,0,,0,,0,bold,1,,0,strike,2
,0,,0,,0,,0,melt,1,,0,slight,2
,0,,0,,0,,0,connect,1,,0,floral,2
,0,,0,,0,,0,effect,1,,0,plain,2
,0,,0,,0,,0,3d,1,,0,frilly,2
,0,,0,,0,,0,lamp,1,,0,outside,2
,0,,0,,0,,0,virus,1,,0,portraiture,2
,0,,0,,0,,0,weapon,1,,0,marbled,2
,0,,0,,0,,0,allude,1,,0,flowery,2
,0,,0,,0,,0,violent,1,,0,elegant,2
,0,,0,,0,,0,death,1,,0,stretch,2
,0,,0,,0,,0,gore,1,,0,giant,2
,0,,0,,0,,0,ish,1,,0,aesthetic,2
,0,,0,,0,,0,horrific,1,,0,give,2
,0,,0,,0,,0,compose,1,,0,wall,2
,0,,0,,0,,0,balanced,1,,0,way,2
,0,,0,,0,,0,choose,1,,0,arm,2
,0,,0,,0,,0,illustrate,1,,0,screen,2
,0,,0,,0,,0,,0,,0,take,2
,0,,0,,0,,0,,0,,0,studio,2
,0,,0,,0,,0,,0,,0,live,2
,0,,0,,0,,0,,0,,0,blended,2
,0,,0,,0,,0,,0,,0,palette,2
,0,,0,,0,,0,,0,,0,atmosphere,2
,0,,0,,0,,0,,0,,0,delicate,2
,0,,0,,0,,0,,0,,0,s,2
,0,,0,,0,,0,,0,,0,corvus,2
,0,,0,,0,,0,,0,,0,center,2
,0,,0,,0,,0,,0,,0,wash,2
,0,,0,,0,,0,,0,,0,cold,2
,0,,0,,0,,0,,0,,0,camera,2
,0,,0,,0,,0,,0,,0,angle,2
,0,,0,,0,,0,,0,,0,chin,2
,0,,0,,0,,0,,0,,0,hear,2
,0,,0,,0,,0,,0,,0,fair,2
,0,,0,,0,,0,,0,,0,haired,2
,0,,0,,0,,0,,0,,0,standing,2
,0,,0,,0,,0,,0,,0,ready,2
,0,,0,,0,,0,,0,,0,seamlessly,2
,0,,0,,0,,0,,0,,0,integrate,2
,0,,0,,0,,0,,0,,0,wide,2
,0,,0,,0,,0,,0,,0,hold,2
,0,,0,,0,,0,,0,,0,great,2
,0,,0,,0,,0,,0,,0,interesting,2
,0,,0,,0,,0,,0,,0,serene,2
,0,,0,,0,,0,,0,,0,maybe,2
,0,,0,,0,,0,,0,,0,predominance,2
,0,,0,,0,,0,,0,,0,cream,2
,0,,0,,0,,0,,0,,0,alert,2
,0,,0,,0,,0,,0,,0,good,2
,0,,0,,0,,0,,0,,0,balance,2
,0,,0,,0,,0,,0,,0,rule,2
,0,,0,,0,,0,,0,,0,third,2
,0,,0,,0,,0,,0,,0,choose,2
,0,,0,,0,,0,,0,,0,theme,2
,0,,0,,0,,0,,0,,0,depiction,2
,0,,0,,0,,0,,0,,0,film,2
,0,,0,,0,,0,,0,,0,sunny,2
,0,,0,,0,,0,,0,,0,day,2
,0,,0,,0,,0,,0,,0,ancient,2
,0,,0,,0,,0,,0,,0,platform,2
,0,,0,,0,,0,,0,,0,town,2
,0,,0,,0,,0,,0,,0,probably,2
,0,,0,,0,,0,,0,,0,future,2
,0,,0,,0,,0,,0,,0,top,2
,0,,0,,0,,0,,0,,0,sun,2
,0,,0,,0,,0,,0,,0,skyscraper,2
,0,,0,,0,,0,,0,,0,column,2
,0,,0,,0,,0,,0,,0,kingdom,2
,0,,0,,0,,0,,0,,0,amidst,2
,0,,0,,0,,0,,0,,0,brownish,2
,0,,0,,0,,0,,0,,0,stone,2
,0,,0,,0,,0,,0,,0,space,2
,0,,0,,0,,0,,0,,0,flock,2
,0,,0,,0,,0,,0,,0,remind,2
,0,,0,,0,,0,,0,,0,cliff,2
,0,,0,,0,,0,,0,,0,digitize,2
,0,,0,,0,,0,,0,,0,main,2
,0,,0,,0,,0,,0,,0,breathtaking,2
,0,,0,,0,,0,,0,,0,sunlight,2
,0,,0,,0,,0,,0,,0,present,2
,0,,0,,0,,0,,0,,0,imaginary,2
,0,,0,,0,,0,,0,,0,animate,2
,0,,0,,0,,0,,0,,0,strong,2
,0,,0,,0,,0,,0,,0,multi,2
,0,,0,,0,,0,,0,,0,story,2
,0,,0,,0,,0,,0,,0,artificial,2
,0,,0,,0,,0,,0,,0,connect,2
,0,,0,,0,,0,,0,,0,rise,2
,0,,0,,0,,0,,0,,0,design,2
,0,,0,,0,,0,,0,,0,bush,2
,0,,0,,0,,0,,0,,0,contain,2
,0,,0,,0,,0,,0,,0,lipstick,2
,0,,0,,0,,0,,0,,0,womans,2
,0,,0,,0,,0,,0,,0,ramification,2
,0,,0,,0,,0,,0,,0,double,2
,0,,0,,0,,0,,0,,0,entangle,2
,0,,0,,0,,0,,0,,0,weed,2
,0,,0,,0,,0,,0,,0,nose,2
,0,,0,,0,,0,,0,,0,gloomy,2
,0,,0,,0,,0,,0,,0,watercolor,2
,0,,0,,0,,0,,0,,0,act,2
,0,,0,,0,,0,,0,,0,troubled,2
,0,,0,,0,,0,,0,,0,crown,2
,0,,0,,0,,0,,0,,0,infuse,2
,0,,0,,0,,0,,0,,0,pull,2
,0,,0,,0,,0,,0,,0,flora,2
,0,,0,,0,,0,,0,,0,flow,2
,0,,0,,0,,0,,0,,0,pain,2
,0,,0,,0,,0,,0,,0,american,2
,0,,0,,0,,0,,0,,0,possibly,2
,0,,0,,0,,0,,0,,0,splash,2
,0,,0,,0,,0,,0,,0,earth,2
,0,,0,,0,,0,,0,,0,night,2
,0,,0,,0,,0,,0,,0,fragmented,2
,0,,0,,0,,0,,0,,0,heavy,2
,0,,0,,0,,0,,0,,0,muted,2
,0,,0,,0,,0,,0,,0,message,2
,0,,0,,0,,0,,0,,0,gaze,2
,0,,0,,0,,0,,0,,0,expressive,2
,0,,0,,0,,0,,0,,0,merge,2
,0,,0,,0,,0,,0,,0,hue,2
,0,,0,,0,,0,,0,,0,speed,2
,0,,0,,0,,0,,0,,0,darkness,2
,0,,0,,0,,0,,0,,0,looking,2
,0,,0,,0,,0,,0,,0,weird,2
,0,,0,,0,,0,,0,,0,alien,2
,0,,0,,0,,0,,0,,0,robot,2
,0,,0,,0,,0,,0,,0,cry,2
,0,,0,,0,,0,,0,,0,feeling,2
,0,,0,,0,,0,,0,,0,greenish,2
,0,,0,,0,,0,,0,,0,attach,2
,0,,0,,0,,0,,0,,0,torment,2
,0,,0,,0,,0,,0,,0,gothic,2
,0,,0,,0,,0,,0,,0,blood,2
,0,,0,,0,,0,,0,,0,zombie,2
,0,,0,,0,,0,,0,,0,instead,2
,0,,0,,0,,0,,0,,0,haunt,2
,0,,0,,0,,0,,0,,0,wound,2
,0,,0,,0,,0,,0,,0,snail,2
,0,,0,,0,,0,,0,,0,pierce,2
,0,,0,,0,,0,,0,,0,hill,2
,0,,0,,0,,0,,0,,0,spring,2
,0,,0,,0,,0,,0,,0,mother,2
,0,,0,,0,,0,,0,,0,mind,2
,0,,0,,0,,0,,0,,0,true,2
,0,,0,,0,,0,,0,,0,mountainous,2
,0,,0,,0,,0,,0,,0,rock,2
,0,,0,,0,,0,,0,,0,seat,2
,0,,0,,0,,0,,0,,0,predator,2
,0,,0,,0,,0,,0,,0,tie,1
,0,,0,,0,,0,,0,,0,softly,1
,0,,0,,0,,0,,0,,0,mistake,1
,0,,0,,0,,0,,0,,0,version,1
,0,,0,,0,,0,,0,,0,surrealism,1
,0,,0,,0,,0,,0,,0,menace,1
,0,,0,,0,,0,,0,,0,rook,1
,0,,0,,0,,0,,0,,0,actually,1
,0,,0,,0,,0,,0,,0,land,1
,0,,0,,0,,0,,0,,0,slim,1
,0,,0,,0,,0,,0,,0,outspread,1
,0,,0,,0,,0,,0,,0,avant,1
,0,,0,,0,,0,,0,,0,garde,1
,0,,0,,0,,0,,0,,0,shoulderless,1
,0,,0,,0,,0,,0,,0,misterious,1
,0,,0,,0,,0,,0,,0,suggest,1
,0,,0,,0,,0,,0,,0,stark,1
,0,,0,,0,,0,,0,,0,positioning,1
,0,,0,,0,,0,,0,,0,clumsy,1
,0,,0,,0,,0,,0,,0,demure,1
,0,,0,,0,,0,,0,,0,blackness,1
,0,,0,,0,,0,,0,,0,particularly,1
,0,,0,,0,,0,,0,,0,attractive,1
,0,,0,,0,,0,,0,,0,photoshoot,1
,0,,0,,0,,0,,0,,0,shite,1
,0,,0,,0,,0,,0,,0,rest,1
,0,,0,,0,,0,,0,,0,infant,1
,0,,0,,0,,0,,0,,0,smoke,1
,0,,0,,0,,0,,0,,0,wrone,1
,0,,0,,0,,0,,0,,0,blackbird,1
,0,,0,,0,,0,,0,,0,frill,1
,0,,0,,0,,0,,0,,0,bluey,1
,0,,0,,0,,0,,0,,0,elegance,1
,0,,0,,0,,0,,0,,0,personify,1
,0,,0,,0,,0,,0,,0,personalty,1
,0,,0,,0,,0,,0,,0,pretty,1
,0,,0,,0,,0,,0,,0,complexion,1
,0,,0,,0,,0,,0,,0,stylish,1
,0,,0,,0,,0,,0,,0,tranquil,1
,0,,0,,0,,0,,0,,0,8n,1
,0,,0,,0,,0,,0,,0,teal,1
,0,,0,,0,,0,,0,,0,lovey,1
,0,,0,,0,,0,,0,,0,shirt,1
,0,,0,,0,,0,,0,,0,pigeon,1
,0,,0,,0,,0,,0,,0,pattern,1
,0,,0,,0,,0,,0,,0,eagel,1
,0,,0,,0,,0,,0,,0,expression,1
,0,,0,,0,,0,,0,,0,try,1
,0,,0,,0,,0,,0,,0,time,1
,0,,0,,0,,0,,0,,0,term,1
,0,,0,,0,,0,,0,,0,brunette,1
,0,,0,,0,,0,,0,,0,hover,1
,0,,0,,0,,0,,0,,0,artist,1
,0,,0,,0,,0,,0,,0,classically,1
,0,,0,,0,,0,,0,,0,caucasian,1
,0,,0,,0,,0,,0,,0,outstretche,1
,0,,0,,0,,0,,0,,0,mottled,1
,0,,0,,0,,0,,0,,0,androgynous,1
,0,,0,,0,,0,,0,,0,rounded,1
,0,,0,,0,,0,,0,,0,assume,1
,0,,0,,0,,0,,0,,0,expose,1
,0,,0,,0,,0,,0,,0,standinde,1
,0,,0,,0,,0,,0,,0,fragment,1
,0,,0,,0,,0,,0,,0,headpiece,1
,0,,0,,0,,0,,0,,0,looks,1
,0,,0,,0,,0,,0,,0,lie,1
,0,,0,,0,,0,,0,,0,cool,1
,0,,0,,0,,0,,0,,0,craw,1
,0,,0,,0,,0,,0,,0,make,1
,0,,0,,0,,0,,0,,0,sweeet,1
,0,,0,,0,,0,,0,,0,attire,1
,0,,0,,0,,0,,0,,0,majestically,1
,0,,0,,0,,0,,0,,0,headdress,1
,0,,0,,0,,0,,0,,0,heady,1
,0,,0,,0,,0,,0,,0,morden,1
,0,,0,,0,,0,,0,,0,classic,1
,0,,0,,0,,0,,0,,0,eith,1
,0,,0,,0,,0,,0,,0,touch,1
,0,,0,,0,,0,,0,,0,potray,1
,0,,0,,0,,0,,0,,0,gradient,1
,0,,0,,0,,0,,0,,0,cap,1
,0,,0,,0,,0,,0,,0,poetic,1
,0,,0,,0,,0,,0,,0,cloth,1
,0,,0,,0,,0,,0,,0,overhead,1
,0,,0,,0,,0,,0,,0,sleeve,1
,0,,0,,0,,0,,0,,0,straight,1
,0,,0,,0,,0,,0,,0,ahead,1
,0,,0,,0,,0,,0,,0,incorporate,1
,0,,0,,0,,0,,0,,0,scheme,1
,0,,0,,0,,0,,0,,0,highlighting,1
,0,,0,,0,,0,,0,,0,crude,1
,0,,0,,0,,0,,0,,0,oom,1
,0,,0,,0,,0,,0,,0,comfortable,1
,0,,0,,0,,0,,0,,0,grace,1
,0,,0,,0,,0,,0,,0,2970s,1
,0,,0,,0,,0,,0,,0,rick,1
,0,,0,,0,,0,,0,,0,album,1
,0,,0,,0,,0,,0,,0,base,1
,0,,0,,0,,0,,0,,0,playful,1
,0,,0,,0,,0,,0,,0,sandstone,1
,0,,0,,0,,0,,0,,0,elden,1
,0,,0,,0,,0,,0,,0,ring,1
,0,,0,,0,,0,,0,,0,scape,1
,0,,0,,0,,0,,0,,0,utopia,1
,0,,0,,0,,0,,0,,0,si,1
,0,,0,,0,,0,,0,,0,middle,1
,0,,0,,0,,0,,0,,0,reflecting,1
,0,,0,,0,,0,,0,,0,lake,1
,0,,0,,0,,0,,0,,0,valley,1
,0,,0,,0,,0,,0,,0,reign,1
,0,,0,,0,,0,,0,,0,utopian,1
,0,,0,,0,,0,,0,,0,line,1
,0,,0,,0,,0,,0,,0,impressionistic,1
,0,,0,,0,,0,,0,,0,disparity,1
,0,,0,,0,,0,,0,,0,utilise,1
,0,,0,,0,,0,,0,,0,forest/,1
,0,,0,,0,,0,,0,,0,ruin,1
,0,,0,,0,,0,,0,,0,fluffy,1
,0,,0,,0,,0,,0,,0,daylight,1
,0,,0,,0,,0,,0,,0,support,1
,0,,0,,0,,0,,0,,0,tress,1
,0,,0,,0,,0,,0,,0,shine,1
,0,,0,,0,,0,,0,,0,avatar,1
,0,,0,,0,,0,,0,,0,te,1
,0,,0,,0,,0,,0,,0,formation,1
,0,,0,,0,,0,,0,,0,flatten,1
,0,,0,,0,,0,,0,,0,tourist,1
,0,,0,,0,,0,,0,,0,frame,1
,0,,0,,0,,0,,0,,0,fictitious,1
,0,,0,,0,,0,,0,,0,cruel,1
,0,,0,,0,,0,,0,,0,cyberpunk,1
,0,,0,,0,,0,,0,,0,gravity,1
,0,,0,,0,,0,,0,,0,defy,1
,0,,0,,0,,0,,0,,0,cityscape,1
,0,,0,,0,,0,,0,,0,nestle,1
,0,,0,,0,,0,,0,,0,verdant,1
,0,,0,,0,,0,,0,,0,environment,1
,0,,0,,0,,0,,0,,0,reminiscent,1
,0,,0,,0,,0,,0,,0,concept,1
,0,,0,,0,,0,,0,,0,three,1
,0,,0,,0,,0,,0,,0,snow,1
,0,,0,,0,,0,,0,,0,height,1
,0,,0,,0,,0,,0,,0,treehouse,1
,0,,0,,0,,0,,0,,0,brick,1
,0,,0,,0,,0,,0,,0,trunk,1
,0,,0,,0,,0,,0,,0,medieval,1
,0,,0,,0,,0,,0,,0,mansion,1
,0,,0,,0,,0,,0,,0,senerio,1
,0,,0,,0,,0,,0,,0,love,1
,0,,0,,0,,0,,0,,0,plinth,1
,0,,0,,0,,0,,0,,0,cartoonish,1
,0,,0,,0,,0,,0,,0,ghibli,1
,0,,0,,0,,0,,0,,0,isolated,1
,0,,0,,0,,0,,0,,0,amountain,1
,0,,0,,0,,0,,0,,0,edge,1
,0,,0,,0,,0,,0,,0,glinde,1
,0,,0,,0,,0,,0,,0,people,1
,0,,0,,0,,0,,0,,0,dense,1
,0,,0,,0,,0,,0,,0,believable,1
,0,,0,,0,,0,,0,,0,appropriate,1
,0,,0,,0,,0,,0,,0,mean,1
,0,,0,,0,,0,,0,,0,clolour,1
,0,,0,,0,,0,,0,,0,mirror,1
,0,,0,,0,,0,,0,,0,huge,1
,0,,0,,0,,0,,0,,0,beach,1
,0,,0,,0,,0,,0,,0,radiate,1
,0,,0,,0,,0,,0,,0,past,1
,0,,0,,0,,0,,0,,0,highveld,1
,0,,0,,0,,0,,0,,0,grad,1
,0,,0,,0,,0,,0,,0,1900s,1
,0,,0,,0,,0,,0,,0,reflective,1
,0,,0,,0,,0,,0,,0,futurisitc,1
,0,,0,,0,,0,,0,,0,include,1
,0,,0,,0,,0,,0,,0,shin,1
,0,,0,,0,,0,,0,,0,metropolis,1
,0,,0,,0,,0,,0,,0,buliding,1
,0,,0,,0,,0,,0,,0,car,1
,0,,0,,0,,0,,0,,0,scenery,1
,0,,0,,0,,0,,0,,0,vintage,1
,0,,0,,0,,0,,0,,0,clean,1
,0,,0,,0,,0,,0,,0,showcase,1
,0,,0,,0,,0,,0,,0,architecture,1
,0,,0,,0,,0,,0,,0,foreground,1
,0,,0,,0,,0,,0,,0,fantastic,1
,0,,0,,0,,0,,0,,0,fancy,1
,0,,0,,0,,0,,0,,0,bushy,1
,0,,0,,0,,0,,0,,0,overlook,1
,0,,0,,0,,0,,0,,0,video,1
,0,,0,,0,,0,,0,,0,game,1
,0,,0,,0,,0,,0,,0,civilty,1
,0,,0,,0,,0,,0,,0,amazing,1
,0,,0,,0,,0,,0,,0,otherworldly,1
,0,,0,,0,,0,,0,,0,foundation,1
,0,,0,,0,,0,,0,,0,stylized,1
,0,,0,,0,,0,,0,,0,wonderland,1
,0,,0,,0,,0,,0,,0,morning,1
,0,,0,,0,,0,,0,,0,midday,1
,0,,0,,0,,0,,0,,0,brighten,1
,0,,0,,0,,0,,0,,0,concrete,1
,0,,0,,0,,0,,0,,0,classical,1
,0,,0,,0,,0,,0,,0,painful,1
,0,,0,,0,,0,,0,,0,distress,1
,0,,0,,0,,0,,0,,0,branches,1
,0,,0,,0,,0,,0,,0,fascinator,1
,0,,0,,0,,0,,0,,0,autum,1
,0,,0,,0,,0,,0,,0,leafe,1
,0,,0,,0,,0,,0,,0,contemporary,1
,0,,0,,0,,0,,0,,0,bramble,1
,0,,0,,0,,0,,0,,0,fruit,1
,0,,0,,0,,0,,0,,0,unreal,1
,0,,0,,0,,0,,0,,0,die,1
,0,,0,,0,,0,,0,,0,hate,1
,0,,0,,0,,0,,0,,0,representational,1
,0,,0,,0,,0,,0,,0,anime,1
,0,,0,,0,,0,,0,,0,exposure,1
,0,,0,,0,,0,,0,,0,ivy,1
,0,,0,,0,,0,,0,,0,match,1
,0,,0,,0,,0,,0,,0,cohesion,1
,0,,0,,0,,0,,0,,0,unnaturally,1
,0,,0,,0,,0,,0,,0,overlaid,1
,0,,0,,0,,0,,0,,0,reddish,1
,0,,0,,0,,0,,0,,0,nicely,1
,0,,0,,0,,0,,0,,0,redness,1
,0,,0,,0,,0,,0,,0,heavily,1
,0,,0,,0,,0,,0,,0,fine,1
,0,,0,,0,,0,,0,,0,arond,1
,0,,0,,0,,0,,0,,0,smokey,1
,0,,0,,0,,0,,0,,0,decompose,1
,0,,0,,0,,0,,0,,0,log,1
,0,,0,,0,,0,,0,,0,headshot,1
,0,,0,,0,,0,,0,,0,tweak,1
,0,,0,,0,,0,,0,,0,overgrow,1
,0,,0,,0,,0,,0,,0,blind,1
,0,,0,,0,,0,,0,,0,sakura,1
,0,,0,,0,,0,,0,,0,work,1
,0,,0,,0,,0,,0,,0,ey,1
,0,,0,,0,,0,,0,,0,sight,1
,0,,0,,0,,0,,0,,0,coulorfull,1
,0,,0,,0,,0,,0,,0,frida,1
,0,,0,,0,,0,,0,,0,kahlo,1
,0,,0,,0,,0,,0,,0,withe,1
,0,,0,,0,,0,,0,,0,blush,1
,0,,0,,0,,0,,0,,0,cheek,1
,0,,0,,0,,0,,0,,0,dominate,1
,0,,0,,0,,0,,0,,0,unnerving,1
,0,,0,,0,,0,,0,,0,fairly,1
,0,,0,,0,,0,,0,,0,result,1
,0,,0,,0,,0,,0,,0,find,1
,0,,0,,0,,0,,0,,0,focal,1
,0,,0,,0,,0,,0,,0,point,1
,0,,0,,0,,0,,0,,0,vary,1
,0,,0,,0,,0,,0,,0,sorrounde,1
,0,,0,,0,,0,,0,,0,superimpose,1
,0,,0,,0,,0,,0,,0,partly,1
,0,,0,,0,,0,,0,,0,fig,1
,0,,0,,0,,0,,0,,0,drown,1
,0,,0,,0,,0,,0,,0,gallery,1
,0,,0,,0,,0,,0,,0,paris,1
,0,,0,,0,,0,,0,,0,smoky,1
,0,,0,,0,,0,,0,,0,twine,1
,0,,0,,0,,0,,0,,0,drop,1
,0,,0,,0,,0,,0,,0,outdoor,1
,0,,0,,0,,0,,0,,0,photography,1
,0,,0,,0,,0,,0,,0,traditional,1
,0,,0,,0,,0,,0,,0,bun,1
,0,,0,,0,,0,,0,,0,carnival,1
,0,,0,,0,,0,,0,,0,theatrical,1
,0,,0,,0,,0,,0,,0,mask,1
,0,,0,,0,,0,,0,,0,period,1
,0,,0,,0,,0,,0,,0,neutral,1
,0,,0,,0,,0,,0,,0,root,1
,0,,0,,0,,0,,0,,0,plantation,1
,0,,0,,0,,0,,0,,0,aa,1
,0,,0,,0,,0,,0,,0,naturalness,1
,0,,0,,0,,0,,0,,0,thin,1
,0,,0,,0,,0,,0,,0,climber,1
,0,,0,,0,,0,,0,,0,reach,1
,0,,0,,0,,0,,0,,0,gently,1
,0,,0,,0,,0,,0,,0,highlight,1
,0,,0,,0,,0,,0,,0,rubby,1
,0,,0,,0,,0,,0,,0,mixture,1
,0,,0,,0,,0,,0,,0,indigenous,1
,0,,0,,0,,0,,0,,0,north,1
,0,,0,,0,,0,,0,,0,culture,1
,0,,0,,0,,0,,0,,0,popular,1
,0,,0,,0,,0,,0,,0,poster,1
,0,,0,,0,,0,,0,,0,curl,1
,0,,0,,0,,0,,0,,0,globe,1
,0,,0,,0,,0,,0,,0,earty,1
,0,,0,,0,,0,,0,,0,ocher,1
,0,,0,,0,,0,,0,,0,anrgy,1
,0,,0,,0,,0,,0,,0,graffiti,1
,0,,0,,0,,0,,0,,0,multicoloure,1
,0,,0,,0,,0,,0,,0,rough,1
,0,,0,,0,,0,,0,,0,whirl,1
,0,,0,,0,,0,,0,,0,super,1
,0,,0,,0,,0,,0,,0,impose,1
,0,,0,,0,,0,,0,,0,blurred,1
,0,,0,,0,,0,,0,,0,backdrop,1
,0,,0,,0,,0,,0,,0,move,1
,0,,0,,0,,0,,0,,0,use,1
,0,,0,,0,,0,,0,,0,focusse,1
,0,,0,,0,,0,,0,,0,determine,1
,0,,0,,0,,0,,0,,0,frantic,1
,0,,0,,0,,0,,0,,0,sphere,1
,0,,0,,0,,0,,0,,0,harsh,1
,0,,0,,0,,0,,0,,0,arise,1
,0,,0,,0,,0,,0,,0,ashe,1
,0,,0,,0,,0,,0,,0,phoenix,1
,0,,0,,0,,0,,0,,0,lodge,1
,0,,0,,0,,0,,0,,0,street,1
,0,,0,,0,,0,,0,,0,cre,1
,0,,0,,0,,0,,0,,0,modernist,1
,0,,0,,0,,0,,0,,0,outline,1
,0,,0,,0,,0,,0,,0,mark,1
,0,,0,,0,,0,,0,,0,orangey,1
,0,,0,,0,,0,,0,,0,anstract,1
,0,,0,,0,,0,,0,,0,pallette,1
,0,,0,,0,,0,,0,,0,eather,1
,0,,0,,0,,0,,0,,0,primary,1
,0,,0,,0,,0,,0,,0,coulorful,1
,0,,0,,0,,0,,0,,0,pointed,1
,0,,0,,0,,0,,0,,0,relax,1
,0,,0,,0,,0,,0,,0,fur,1
,0,,0,,0,,0,,0,,0,predominate,1
,0,,0,,0,,0,,0,,0,3,1
,0,,0,,0,,0,,0,,0,underneath,1
,0,,0,,0,,0,,0,,0,rendering,1
,0,,0,,0,,0,,0,,0,smear,1
,0,,0,,0,,0,,0,,0,paintstroke,1
,0,,0,,0,,0,,0,,0,mouth.yellow,1
,0,,0,,0,,0,,0,,0,exact,1
,0,,0,,0,,0,,0,,0,harmonious,1
,0,,0,,0,,0,,0,,0,deep,1
,0,,0,,0,,0,,0,,0,emphasize,1
,0,,0,,0,,0,,0,,0,fragility,1
,0,,0,,0,,0,,0,,0,wildness,1
,0,,0,,0,,0,,0,,0,angry,1
,0,,0,,0,,0,,0,,0,catchy,1
,0,,0,,0,,0,,0,,0,intense,1
,0,,0,,0,,0,,0,,0,dynamic,1
,0,,0,,0,,0,,0,,0,opne,1
,0,,0,,0,,0,,0,,0,motivate,1
,0,,0,,0,,0,,0,,0,escape,1
,0,,0,,0,,0,,0,,0,fiery,1
,0,,0,,0,,0,,0,,0,flame,1
,0,,0,,0,,0,,0,,0,ccolor,1
,0,,0,,0,,0,,0,,0,dramatic,1
,0,,0,,0,,0,,0,,0,powerful,1
,0,,0,,0,,0,,0,,0,capture,1
,0,,0,,0,,0,,0,,0,spatter,1
,0,,0,,0,,0,,0,,0,thite,1
,0,,0,,0,,0,,0,,0,spin,1
,0,,0,,0,,0,,0,,0,menacing,1
,0,,0,,0,,0,,0,,0,symbolic,1
,0,,0,,0,,0,,0,,0,canvas,1
,0,,0,,0,,0,,0,,0,curved,1
,0,,0,,0,,0,,0,,0,ugly,1
,0,,0,,0,,0,,0,,0,defend,1
,0,,0,,0,,0,,0,,0,alertness,1
,0,,0,,0,,0,,0,,0,scatter,1
,0,,0,,0,,0,,0,,0,peel,1
,0,,0,,0,,0,,0,,0,range,1
,0,,0,,0,,0,,0,,0,associate,1
,0,,0,,0,,0,,0,,0,imagine,1
,0,,0,,0,,0,,0,,0,allegorical,1
,0,,0,,0,,0,,0,,0,unconnected,1
,0,,0,,0,,0,,0,,0,random,1
,0,,0,,0,,0,,0,,0,trap,1
,0,,0,,0,,0,,0,,0,product,1
,0,,0,,0,,0,,0,,0,mutant,1
,0,,0,,0,,0,,0,,0,scientific,1
,0,,0,,0,,0,,0,,0,experiment,1
,0,,0,,0,,0,,0,,0,dehumanise,1
,0,,0,,0,,0,,0,,0,attached,1
,0,,0,,0,,0,,0,,0,lump,1
,0,,0,,0,,0,,0,,0,differ,1
,0,,0,,0,,0,,0,,0,shell,1
,0,,0,,0,,0,,0,,0,blob,1
,0,,0,,0,,0,,0,,0,meld,1
,0,,0,,0,,0,,0,,0,hard,1
,0,,0,,0,,0,,0,,0,streak,1
,0,,0,,0,,0,,0,,0,dot,1
,0,,0,,0,,0,,0,,0,memory,1
,0,,0,,0,,0,,0,,0,mannequin,1
,0,,0,,0,,0,,0,,0,dystopian,1
,0,,0,,0,,0,,0,,0,nightmare,1
,0,,0,,0,,0,,0,,0,disembodied,1
,0,,0,,0,,0,,0,,0,incongruous,1
,0,,0,,0,,0,,0,,0,emotion,1
,0,,0,,0,,0,,0,,0,confused,1
,0,,0,,0,,0,,0,,0,overall,1
,0,,0,,0,,0,,0,,0,cobwebs,1
,0,,0,,0,,0,,0,,0,miniature,1
,0,,0,,0,,0,,0,,0,skull,1
,0,,0,,0,,0,,0,,0,insect,1
,0,,0,,0,,0,,0,,0,distressed,1
,0,,0,,0,,0,,0,,0,break,1
,0,,0,,0,,0,,0,,0,apart,1
,0,,0,,0,,0,,0,,0,device,1
,0,,0,,0,,0,,0,,0,lifeless,1
,0,,0,,0,,0,,0,,0,crush,1
,0,,0,,0,,0,,0,,0,fight,1
,0,,0,,0,,0,,0,,0,anymore,1
,0,,0,,0,,0,,0,,0,lack,1
,0,,0,,0,,0,,0,,0,struggle,1
,0,,0,,0,,0,,0,,0,crushed,1
,0,,0,,0,,0,,0,,0,appendage,1
,0,,0,,0,,0,,0,,0,bad,1
,0,,0,,0,,0,,0,,0,idol,1
,0,,0,,0,,0,,0,,0,frightening,1
,0,,0,,0,,0,,0,,0,protuberance,1
,0,,0,,0,,0,,0,,0,cyborg,1
,0,,0,,0,,0,,0,,0,characteristic,1
,0,,0,,0,,0,,0,,0,egg,1
,0,,0,,0,,0,,0,,0,sickness,1
,0,,0,,0,,0,,0,,0,mould,1
,0,,0,,0,,0,,0,,0,unrecognizable,1
,0,,0,,0,,0,,0,,0,extremely,1
,0,,0,,0,,0,,0,,0,bulbous,1
,0,,0,,0,,0,,0,,0,kid,1
,0,,0,,0,,0,,0,,0,monotone,1
,0,,0,,0,,0,,0,,0,piece,1
,0,,0,,0,,0,,0,,0,anatomy,1
,0,,0,,0,,0,,0,,0,furutristic,1
,0,,0,,0,,0,,0,,0,elemnt,1
,0,,0,,0,,0,,0,,0,augment,1
,0,,0,,0,,0,,0,,0,damaged,1
,0,,0,,0,,0,,0,,0,pinkish,1
,0,,0,,0,,0,,0,,0,scull,1
,0,,0,,0,,0,,0,,0,unidentifiable,1
,0,,0,,0,,0,,0,,0,childlike,1
,0,,0,,0,,0,,0,,0,mangle,1
,0,,0,,0,,0,,0,,0,flesh,1
,0,,0,,0,,0,,0,,0,science,1
,0,,0,,0,,0,,0,,0,fiction,1
,0,,0,,0,,0,,0,,0,grayish,1
,0,,0,,0,,0,,0,,0,stalk,1
,0,,0,,0,,0,,0,,0,drab,1
,0,,0,,0,,0,,0,,0,run,1
,0,,0,,0,,0,,0,,0,sinister,1
,0,,0,,0,,0,,0,,0,scattered,1
,0,,0,,0,,0,,0,,0,sorrowful,1
,0,,0,,0,,0,,0,,0,sword,1
,0,,0,,0,,0,,0,,0,knife,1
,0,,0,,0,,0,,0,,0,eyebrow,1
,0,,0,,0,,0,,0,,0,eyelash,1
,0,,0,,0,,0,,0,,0,infest,1
,0,,0,,0,,0,,0,,0,sticky,1
,0,,0,,0,,0,,0,,0,insidious,1
,0,,0,,0,,0,,0,,0,deformed,1
,0,,0,,0,,0,,0,,0,frontal,1
,0,,0,,0,,0,,0,,0,specifically,1
,0,,0,,0,,0,,0,,0,mechanical,1
,0,,0,,0,,0,,0,,0,spike,1
,0,,0,,0,,0,,0,,0,unpleasant,1
,0,,0,,0,,0,,0,,0,heard,1
,0,,0,,0,,0,,0,,0,mans,1
,0,,0,,0,,0,,0,,0,nerve,1
,0,,0,,0,,0,,0,,0,organism,1
,0,,0,,0,,0,,0,,0,symbolize,1
,0,,0,,0,,0,,0,,0,disfigure,1
,0,,0,,0,,0,,0,,0,suppose,1
,0,,0,,0,,0,,0,,0,distort,1
,0,,0,,0,,0,,0,,0,eerie,1
,0,,0,,0,,0,,0,,0,challenge,1
,0,,0,,0,,0,,0,,0,perception,1
,0,,0,,0,,0,,0,,0,explosion,1
,0,,0,,0,,0,,0,,0,boy,1
,0,,0,,0,,0,,0,,0,graphic,1
,0,,0,,0,,0,,0,,0,spocky,1
,0,,0,,0,,0,,0,,0,burst,1
,0,,0,,0,,0,,0,,0,blow,1
,0,,0,,0,,0,,0,,0,steampunk,1
,0,,0,,0,,0,,0,,0,doll,1
,0,,0,,0,,0,,0,,0,exaggerated,1
,0,,0,,0,,0,,0,,0,facial,1
,0,,0,,0,,0,,0,,0,popping,1
,0,,0,,0,,0,,0,,0,cluster,1
,0,,0,,0,,0,,0,,0,six,1
,0,,0,,0,,0,,0,,0,decadency,1
,0,,0,,0,,0,,0,,0,vertically,1
,0,,0,,0,,0,,0,,0,haunting,1
,0,,0,,0,,0,,0,,0,distorted,1
,0,,0,,0,,0,,0,,0,bulge,1
,0,,0,,0,,0,,0,,0,outward,1
,0,,0,,0,,0,,0,,0,demonic,1
,0,,0,,0,,0,,0,,0,swollen,1
,0,,0,,0,,0,,0,,0,juice,1
,0,,0,,0,,0,,0,,0,melt,1
,0,,0,,0,,0,,0,,0,3d,1
,0,,0,,0,,0,,0,,0,lamp,1
,0,,0,,0,,0,,0,,0,virus,1
,0,,0,,0,,0,,0,,0,weapon,1
,0,,0,,0,,0,,0,,0,allude,1
,0,,0,,0,,0,,0,,0,violent,1
,0,,0,,0,,0,,0,,0,death,1
,0,,0,,0,,0,,0,,0,gore,1
,0,,0,,0,,0,,0,,0,ish,1
,0,,0,,0,,0,,0,,0,horrific,1
,0,,0,,0,,0,,0,,0,illustrate,1
,0,,0,,0,,0,,0,,0,owlet,1
,0,,0,,0,,0,,0,,0,ambivalent,1
,0,,0,,0,,0,,0,,0,naturalistic,1
,0,,0,,0,,0,,0,,0,representative,1
,0,,0,,0,,0,,0,,0,troubling,1
,0,,0,,0,,0,,0,,0,misty,1
,0,,0,,0,,0,,0,,0,th,1
,0,,0,,0,,0,,0,,0,tim,1
,0,,0,,0,,0,,0,,0,burton,1
,0,,0,,0,,0,,0,,0,meet,1
,0,,0,,0,,0,,0,,0,pixar,1
,0,,0,,0,,0,,0,,0,far,1
,0,,0,,0,,0,,0,,0,dreary,1
,0,,0,,0,,0,,0,,0,sholder,1
,0,,0,,0,,0,,0,,0,suspendend,1
,0,,0,,0,,0,,0,,0,end,1
,0,,0,,0,,0,,0,,0,unnatural,1
,0,,0,,0,,0,,0,,0,disproportionately,1
,0,,0,,0,,0,,0,,0,sixe,1
,0,,0,,0,,0,,0,,0,beard,1
,0,,0,,0,,0,,0,,0,dream,1
,0,,0,,0,,0,,0,,0,sparse,1
,0,,0,,0,,0,,0,,0,forebode,1
,0,,0,,0,,0,,0,,0,purple,1
,0,,0,,0,,0,,0,,0,remove,1
,0,,0,,0,,0,,0,,0,ability,1
,0,,0,,0,,0,,0,,0,horizon,1
,0,,0,,0,,0,,0,,0,curiosity,1
,0,,0,,0,,0,,0,,0,limit,1
,0,,0,,0,,0,,0,,0,analyse,1
,0,,0,,0,,0,,0,,0,fog,1
,0,,0,,0,,0,,0,,0,void,1
,0,,0,,0,,0,,0,,0,imagination,1
,0,,0,,0,,0,,0,,0,separate,1
,0,,0,,0,,0,,0,,0,sowa,1
,0,,0,,0,,0,,0,,0,z,1
,0,,0,,0,,0,,0,,0,drugim,1
,0,,0,,0,,0,,0,,0,ptakiem,1
,0,,0,,0,,0,,0,,0,za,1
,0,,0,,0,,0,,0,,0,nim,1
,0,,0,,0,,0,,0,,0,na,1
,0,,0,,0,,0,,0,,0,gałęzi,1
,0,,0,,0,,0,,0,,0,w,1
,0,,0,,0,,0,,0,,0,dali,1
,0,,0,,0,,0,,0,,0,widac,1
,0,,0,,0,,0,,0,,0,chmury,1
,0,,0,,0,,0,,0,,0,góry,1
,0,,0,,0,,0,,0,,0,decorate,1
,0,,0,,0,,0,,0,,0,say,1
,0,,0,,0,,0,,0,,0,ride,1
,0,,0,,0,,0,,0,,0,bed,1
,0,,0,,0,,0,,0,,0,composite,1
,0,,0,,0,,0,,0,,0,feathery,1
,0,,0,,0,,0,,0,,0,distant,1
,0,,0,,0,,0,,0,,0,fat,1
,0,,0,,0,,0,,0,,0,babysitte,1
,0,,0,,0,,0,,0,,0,gidital,1
,0,,0,,0,,0,,0,,0,finch,1
,0,,0,,0,,0,,0,,0,desert,1
,0,,0,,0,,0,,0,,0,bloom,1
,0,,0,,0,,0,,0,,0,sweet,1
,0,,0,,0,,0,,0,,0,emphasise,1
,0,,0,,0,,0,,0,,0,dull,1
,0,,0,,0,,0,,0,,0,sparrow,1
,0,,0,,0,,0,,0,,0,flat,1
,0,,0,,0,,0,,0,,0,tan,1
,0,,0,,0,,0,,0,,0,inside,1
,0,,0,,0,,0,,0,,0,stylised,1
,0,,0,,0,,0,,0,,0,hollowed,1
,0,,0,,0,,0,,0,,0,pinecone,1
,0,,0,,0,,0,,0,,0,rocky,1
,0,,0,,0,,0,,0,,0,simple,1
,0,,0,,0,,0,,0,,0,complex,1
,0,,0,,0,,0,,0,,0,assemblage,1
,0,,0,,0,,0,,0,,0,inorganic,1
,0,,0,,0,,0,,0,,0,serenity,1
,0,,0,,0,,0,,0,,0,2,1
,0,,0,,0,,0,,0,,0,fierce,1
,0,,0,,0,,0,,0,,0,second,1
,0,,0,,0,,0,,0,,0,t.he,1
,0,,0,,0,,0,,0,,0,eliminate,1
,0,,0,,0,,0,,0,,0,friendship,1
,0,,0,,0,,0,,0,,0,exist,1
,0,,0,,0,,0,,0,,0,dewy,1
,0,,0,,0,,0,,0,,0,liitlle,1
,0,,0,,0,,0,,0,,0,baskt,1
,0,,0,,0,,0,,0,,0,bouquet,1
,0,,0,,0,,0,,0,,0,imaginative,1
,0,,0,,0,,0,,0,,0,arrangement,1
,0,,0,,0,,0,,0,,0,fluffed,1
,0,,0,,0,,0,,0,,0,offspring,1
,0,,0,,0,,0,,0,,0,intricately,1
,0,,0,,0,,0,,0,,0,bead,1
,0,,0,,0,,0,,0,,0,stunning,1
,0,,0,,0,,0,,0,,0,textured,1
,0,,0,,0,,0,,0,,0,mystical,1
,0,,0,,0,,0,,0,,0,appearance,1
,0,,0,,0,,0,,0,,0,motion,1
,0,,0,,0,,0,,0,,0,delicacy,1
,0,,0,,0,,0,,0,,0,nesting,1
,0,,0,,0,,0,,0,,0,scarecrow,1
,0,,0,,0,,0,,0,,0,od,1
,0,,0,,0,,0,,0,,0,acorn,1
,0,,0,,0,,0,,0,,0,hybrid,1
,0,,0,,0,,0,,0,,0,majestic,1
,0,,0,,0,,0,,0,,0,camouflage,1
,0,,0,,0,,0,,0,,0,shift,1
,0,,0,,0,,0,,0,,0,peace,1
